gender2,gender
(Male) (Male),Group
(Male) (Female),Group
(Male) (Male) (Male),Group
() (Female) (Male),Group
(Male) (Female) (Male) (Female),Group
() (Male) (Male),Group
() (Male) (Male) (Female),Group
(Male) (Male) (Female) (Female),Group
(Male) (Male) (Male) (Male) (Male),Group
(Male) (Female) (Female) (Male),Group
(Male) () (Male) (Female) (Male) (Male) (Male) (Male) (Female),Group
() (Male),Group
(),Unknown
() (Male) (Male) (Male) (Male) (Male) (Male),Group
(Male) () (),Group
() (Male) (Male) (Male) (Male) (Male),Group
(Female) (Male),Group
() (Male) (Male) (Male) (Male) (Male) (Male) (Male),Group
() (Male) (Male) (Male) (Female) (Male),Group
(Male) (Male) (Male) (Male) (Female) (Male) (Male) (Male) (Male) (Male),Group
(Male) (Male) (Male) (Male) (Female) (Male),Group
(Male) (Female) (Male),Group
(Male) (Male) () (),Group
(Male) (Male) (Male) (Male) (Male) (Male),Group
() (Male) (Male) (Male),Group
(Male) (Male) (Female) (Male) (Male) (Male) (Male) (Male),Group
() () (Female) () (),Group
() (Male) (Male) (Male) (),Group
() (Male) (Male) (Male) (Male) (Male) (),Group
() (Female),Group
(Male) (Male) (),Group
() (Male) (Female),Group
() (),Unknown
(Female) (Female),Group
(Male) (),Group
() (Male) (Male) (Male) (Male),Group
(Female) (),Group
(Male) (Female) (),Group
(Male) (Male) (Male) (Male) (Female) (),Group
(Male) (Male) () (Male) (),Group
() (Female) (Male) (Male),Group
(Male) (Male) (Male) (Male),Group
(Male) (Male) (Female),Group
(Male) (Male) (Female) (),Group
(Male) (Male) (Male) (Male) (Male) (),Group
() (Female) (Male) (Male) (Female) (Male),Group
(Female) (Male) (Male),Group
() () (),Unknown
() (Female) (Male) (Male) (Male) (Male),Group
() (Male) (male),Group
(Male) (Male) (Male) (Male) (Male) (Male) (),Group
() (Male) (Male) (Male) (Male) (Male) (Male) (Male) (Male) (Male) (Male) (Male) (Male) (Male) (Female) (Male) (Male) (Male) (Male) (Male) (Male) (Male) (Male) (Male),Group
(Male) (Male) (Male) (Male) (Male) (Male) (Male) (Male) (Male) (Male) (Male) (Male) (Male) (Male) (Male) (Male) (Male) (Male) (Male) (Female) (Male) (Male) (Male) (),Group
(Male) (Male) (Male) (Male) (Male) (Male) (Male) (Male) (Male) (Male) (Male) (Male) (Male) (),Group
(Male) (Male) (Male) (Male) (Female) (Female) (Female) (),Group
() (Male) (Male) (Female) (Female) (Male),Group
(Male) (Male) (Male) (),Group
() (Female) (Female),Group
() (Male) (Male) (Male) (Male) (Male) (Female) (Female),Group
(Female) (Female) (Male) (Male) (Male) (),Group
(Male) (Female) (Male) (),Group
() (Male) (Male) (Male) (Male) (Female),Group
() (Male) (Male) (Male) (Female) (Female) (Male) (Female) (Male) (Male) (Male) (Female) (Male) (Female) (Male) (Female) (Male) (Male) (Male),Group
(Male) (Female) (Male) (Male) (Male) (Male) (Female) (Female) (Male) (Male) (Male) (Male) (Female) (Male) (Male) (Female) (Male) (Male) (Male) (Male) (Male) (Male) (Male) (Male) (Male) (Male) (Male) (Female) (),Group
(Male) (Female) (Male) (Male) (),Group
() (Female) (Male) (Male) (Male),Group
(Male) (Male) (Male) (Male) (),Group
(Female) (Male) (Male) (Male) (),Group
() (Male) (Female) (Male) (Male) (Female),Group
() (Male) (Male) (Female) (Male) (Male) (Male) (Female) (Male),Group
(Male) (Male) (Female) (Male) (),Group
(Female) (Male) (Male) (Female) (),Group
() (Male) (Female) (Male) (Male) () (),Group
(Female) (Male) (),Group
() (Male) (Male) (Female) (Male),Group
() (Female) (Female) (Male) (Female) (Male),Group
(Female) (Male) (Male) (Male) (Male) (Male) (Female) (Male) (Female) (Female) (Male) (Male) (Female) (Male) (Male) (Male) (Male) (Female) (Male) (Male) (Female) (Female) (Male) (Male) (Male) (Male) (Male) (Female) (Female) (),Group
(Male) (Male) (Male) (Male) (Male) (Male) (Male) (Male) (Male) (Male) (),Group
() (Male) (Male) (Male) (Male) (Male) (Male) (Male) (Male) (Female) (Male) (Male) (Male) (Male) (Male),Group
(Male) (Male) (Male) (Male) (Female) (Male) (),Group
() (Male) (Male) (Male) (Female),Group
(Male) () (Male) (Male) (),Group
(Male) (Male) (Male) (Male) (Male) (Male) (Male) (),Group
(Male) (Male) (Male) (Male) (Male) (Male) (Male) (Male) (Male) (Male) (Male) (Female) (Female) (Male) (Male) (Male) (Male) (Male) (Male) (Male) (),Group
(Male) (Female) (Male) (Male) (Male) () (Male) (Male) (Male),Group
(Male) (Male) (Male) (Female) (Male) (Female) (),Group
(Male) (Male) (Male) (Male) (Male) (Female) (Male) (Female) (Male) (Male) (),Group
(Male) (Male) (Male) () (Male) (),Group
(Male) (Female) (Female) (Male) (Male) (),Group
(Female) (Female) (Male) (Male) (Female) (),Group
(Male) () (Male) (Male) (Male) (Male) (Male) (Male) (),Group
() (Male) (Male) (Male) (Male) (Male) (Male) (Male) (Male) (Male) (Male) (Male) (Male) (Male),Group
(Male) (Female) (Male) (Male) (Male) (Female) (),Group
(Male) (Male) (Male) (Male) (Male) (Male) (Male) (Female) (Male) (Male) (Male) (),Group
() (Male) () (),Group
(Male) (Female) (Male) (Male) (Male) (Male) (Male) (),Group
(Male) (Male) (Male) (Male) (Male) (Male) (Male) (Male) (Male) (),Group
() () (Male) () (Male) (Male),Group
() (Male) (Male) (),Group
(Female) (Male) (Male) (Male) (Male) (Male) (Male) (Male) (Male) (Female) (Male) (Male) (Male) (Male) (Male) (Male) (),Group
(Male) (Male) (Male) (Male) (Male) (Female) (Male) (Male) (Male) (Male) (Male) (Female) (Male) (Male) (Male) (),Group
(Female) (Male) () (Male) (Male) (Male) (Male) (Male) (),Group
(Female) (Male) (Female),Group
(Male) (Male) (Male) (Male) (Female) (Male) (Male) (Male) (Male) (Male) (Male) (Male) (Male) (Male) (Male) (Male) (Male) (Male) (Male) (Male) (),Group
(Female) (Male) (Male) (Male) (Male) (),Group
() (Male) (Male) (Male) (Male) (Male) (Male) (Male) (Male) (Male) (Male) (Female) (Male) (Male) (Male) (Male) (Male) (Male),Group
(Male) (Male) (Male) (Male) (Male) (Male) (Male) (Male) (Male) (Male) (Male) (Male) (Male) (Male) (Female) (Female) (Male) (Male) (Male) (Female) (Male) (Female) (Female) (Female) (),Group
(Male) (Male) (Male) (Male) (Male) (Male) () () (Male) (Male),Group
(Male) (Male) (Male) (Female) (Male) (Male) (Male) (Male) (Male) (),Group
() () (Male),Group
(Male) (Male) (Male) (Male) (Male) (Male) (Female) (Male),Group
() (Female) (Female) (Female) (Male) (Male) (Male) (Female) (Female) () (Male) (Male) (Female) (Male),Group
(Male) (Male) (Male) (Male) (Male) (Male) (Male) (Male) (Male) (Male) (Male) () (Male) (Male) (Male) (Male) (Male) (Male) (Male) (Male) (Male) (Male) (Male) (Male) (Male) (Male) (Male) (Male) (Male) (),Group
() (Male) (Male) (Male) (Female) (Male) () (Male) () () (Male) (Male) (Male) (Female) (Male) () () (Male) () (),Group
(Female) (Female) (Male) (Male) (),Group
(Male) (Male) () () (Female) (Male),Group
() (Male) () () (),Group
(Male) (Female) (Male) (Male) (Male),Group
(Female) (Male) (Male) (Female) (Female) (),Group
(Female) (Female) (Female) (Male) (Male) (),Group
(Male) (Male) () (Male) (Male) (Male) (Male),Group
() () () (Male),Group
(Male) () (Male) (Male),Group
(Male) (Male) (Male) (Male) (Female) (Male) (Male) (Female) (Male) (Male) (Male) (Male) (Male) (Male) (Male) (Male) (Male) (Male) (Male) (Male) (),Group
() () () (Male) () (Female),Group
(Male) (Male) (Male) (Male) (Male) (Male) (Female) (Male) (Male) (Male) (Male) (Male) (Female) (),Group
() (Male) (Male) (Male) (Male) (Male) (Male) (Male) (Female) (Male) (Female) (Male),Group
(Male) (Male) (Male) (Male) (Male) (Male) (Male) (Male) (Female) (Female) (),Group
(Male) (Male) (Female) (Male) (Male) (Male) (Male) (Male) (Female) (Male) (),Group
(Male) (Male) (Female) (Male) (Male) (Male) (Male) (Male) (Male) (Female) (),Group
(Male) (Male) () () (Male),Group
(Male) (Male) (Male) (Female) (Male) (Male),Group
(Male) (Male) () (Male),Group
() (Male) (),Group
(Male) (Male) (Male) (Male) (Female) (Male) (Male) (Male) (Male) (Male) (Male) (Male) (Male) (Male) (Male) (Male) () (Male) (Male) (),Group
(Male) (Female) (Male) (Male) (Male) (Male) (Male) (Male) (Female) (Male) (Male) (Male) (Male) (Male) (Male) (Male) (Male) (),Group
(Male) (Male) (Male) (Male) () (Male) (Male) (Male) (Male) (Male) (Male) (Male) (Male) (Male) (Male) (Male) (Male) (),Group
(Male) (Female) (Male) (Male) (Male) (Male) (Male) (Male) (Male) (Male) (Male) (Male) (Male) (Male) (Male) (Male) (Male) (Male) (Male) (Male) (),Group
(Male) (Male) (Male) () (Male) (Male) (Female),Group
(Male) (Male) (Male) (Male) () (Female) (Male) (Male) (Male) (Male),Group
() (Female) (Male) (),Group
() (Male) (Female) (Female),Group
(Male) (Male) (Male) (Male) (Male) (Female) (Female) (),Group
(Male) (Male) (Male) (Male) (Male) (Male) (Male) (Male),Group
(Male) (Male) (Male) (Male) (Male) (Male) (Male) (Male) (Male) (Male) (Male) (Male) (Male) (Male) (Male) (Male) (Male) (Male) (Female) (Male) (Male) (),Group
(Male) (Male) () (Male) (Male),Group
(Male) (Male) (Male) (Male) (Female),Group
(Male) (Male) (Male) (Male) (Female) (Male) (Male) (),Group
(Male) (Male) (Male) (Male) (Male) (Male) (Male) (Female) (Male) (Male) (Male) (Male) (Male) (Male) (Male) (),Group
(Male) (Male) (Male) (Male) (Male) (Male) (Male) (Male) (),Group
() (Male) (Male) (Male) (Male) (Male) (Female) (Male) (Male) (Male) (Male) (Male),Group
(Male) (Male) (Male) (Male) (Male) (Male) (Male) (Male) (Male) (Female) (Male) (Male) (Male) (Male) (Male) (Male) (Male) (Female) (Male) (Female) (Male) (Male) (Male) (Male) (Male) (),Group
() (Male) (Male) (Male) (Female) (Male) (Male) (Male) (Male) (Male) (Male) (Male) (Male) (Male) (Female) (Male) (Male),Group
(Male) () (Male) (Male) (Male) (Male) (Male) (Male) (Male) (Male) (Male) (Female) (Male) (Male) (),Group
(Male) (Male) (Male) (Female) (Male) (Male) (Male) (Male) (Male) (Male) (Female) (Male) (Male) (Male) (Male) (Male) (Male) (Male) (Male) (Male) (),Group
(Male) (Male) () (Male) (Male) (Male) (Male) (Male) (Male) (Male) (Male) (),Group
() (Male) (Male) (Female) (Male) (Male) (Male) (Male) (Male) (Male) (Male),Group
() () () (),Unknown
(Male) (Female) (Male) (Female) (),Group
(Male) (Female) (Female) (Male) (),Group
(Female) (Male) (Male) (Female) (Male) (),Group
() (Male) (Male) (Male) (Male) (Male) (Male) (Male) (Male) (Male) (Male) (Male) (Female) (Male) (Male) (Female) (Male) (Male) (Male) (Male) (Male) (Male) (Male) (Male) (Male) (Male) (Male) (Male),Group
(Male) (Male) (Female) (Female) (Female) (Male),Group
(Male) (Male) (Male) (Male) (Male) (Male) (Male) (Male) (Female) (Male) (Male) (Male) (Male) (Male) (Male) (Male) (),Group
() (Male) (Female) (Male) (Male),Group
() (Male) (Male) (Female) (Male) (Male) (Male) (Male),Group
() (Female) (Male) (Male) (Female),Group
() (Female) (Male) () (Male),Group
(Male) (Male) (Female) (Male) (Male) (Male) (),Group
(Female) (Female) (Male) (Female) (Male) (Male) (Male) (),Group
(Female) (Male) (Male) (Male) (Male) (Male) (Female) (Male) (Male) (Female) (Male) (),Group
(Female) (Male) (Male) (Male) (Male) (Male) (Male) (Male) (Male) (Male) (Male) (),Group
(Male) (Male) (Male) (Female),Group
(Female) (Female) (Male) (),Group
(Male) (Female) (Female),Group
(Female) (Female) (Female) (Male),Group
(Female) (Female) (Male),Group
() (Male) (Male) (Male) (Male) (Male) (Male) (Male) (Male) (Male) (Male),Group
(Male) () (Female) (Male) (Male) (Male) (Male),Group
() (Male) (Male) () () (Male) (Male) (Male) (Male) (Male) (Male) (Male) (Male) (Male) (Male) (Male) (Male) (Male) (Male) (),Group
() (Female) (Male) (Male) (Male) (Male) (Female) (Male) (Male),Group
() (Male) (Male) (Male) (Female) (Female) (Male) (Male) (Male) (Male) (Male) (Male) (Male) (Male),Group
() (Male) (Male) (Male) (Male) (Male) (Female) (Male) (Male) (Male) (Male) (Male) (Male) (Male) (Male) (Male) (Male) (Female) (Male) (Male) (Male) (Female),Group
() (Female) (Male) (Female) (Male) (Female) (Male) (Male) (Male) (Male) (Male) (Male) (Female) (Male) (Female) (Male) (Male),Group
() (Female) (Female) (Female),Group
() (Female) (Male) (Female) (Male) (Male) (Male) (Male),Group
(Male) (Male) (Male) (Male) (Male) (Male) (Male) (Male) (Male) (Male) (Male) (Male) (Male) (Male) (Male) (Male) (Male) (Male) (Male) (),Group
(Female) (Male) (Male) (Male) (Male) (Male) (Male) (Male) (Male) (Male) (Male) (Male) (Female) (Male) (Male) (Male) (Male) (),Group
(Male) (Male) (Male) (Male) (Male) (Male) (Male) (Male) (Male) (Male) (Male) (),Group
(Male) (Female) (Male) (Male) (Male) (Male) (Male) (Male) (Male) (Male) (),Group
(Male) (Male) (Male) (Male) (Male) (Male) (Male) (Male) (Male) (Female) (Male) (Male) (),Group
() (Male) (Female) (Male),Group
(Male) () () () (Male) (),Group
() (Female) (Male) (Male) (Male) (Female) (Female) (Female),Group
(Male) () (Male) () (),Group
(Male) (Male) (Male) () (),Group
(Male) (Male) () () (),Group
() () (Male) (Male) (),Group
(Male) (Female) (Male) (Male) () (),Group
(Male) (Female) (Male) () (),Group
(Male) () (Male) () (Male) (),Group
(Male) (Female) (Female) (Male) (Male) (Male) (Female) (Male) (Female) (Male) (Male) (Female) (Female) (Male) (Male) (Male) (Male) (Male) (Male) (Male) (Male) (Male) (Male) (Male) (Male) (Male) (Male) (Male) (Male) (),Group
() (Male) (Male) (Male) (Male) (Male) (Male) (Male) (Male) (Male),Group
() (Female) (Male) (Male) (Female) (Female) (Male) (Male) (Male) (Male) (Male) (Male) (Male),Group
(Male) (Female) (Male) (Male) (Male) (Male) (Male) (Male) (Female) (Male) (Female) (),Group
(Male) (Male) (Male) (Female) (Female) (Male) (Male) (Female) (Male) (Male) (Male) (),Group
(Male) (Female) (Male) (Male) (Male) (Male) (Male) (Male) (Male) () (Male) (),Group
(Male) (Male) (Male) (Male) (Male) (Female) (Male) (Male) (Male) (Female) (Male) (Female) (),Group
(Male) (Male) () (Male) (Male) (Male) (Male) (Female) (Male) (Male) (Male) (Female) (Male) (),Group
(Male) (Male) (Male) (Male) (Male) (Male) (Male) (Male) (Male) (Female) (Male) (),Group
() (Male) (Female) (Male) (Male) (Male) (Male) () (Male) (Male) (Female) (Male) (Male) (Female) (Male) () (Male) (Female) (Male) (Female) (Male) (Male) (Male) (Male) (Male) (Female) (Male) (Male) (Male) (Male) (Male),Group
() (Male) (Female) (Male) (Male) (Male) (Female) (Female) (Male) (Male) (Male) (Male) (Female) (Male) (Female) (Female) (Male) (Female) (Female) (Male) (Male) (Female) (Male) (Female) (Female) (Male) (Female) (Male) (Female) (Female) (Female) (Female) (Male) (Male) (Male) (Male) (Male) (Female) (Male) () (Male) (Female) (Male) (Male) (Female) (Male) (Male),Group
() () (Male) (Male) (Male) () () (),Group
() (Male) (Male) (Male) (Male) (Male) (Male) (Male) (Male) (Male) (Male) (Male) (Male),Group
(Male) (Female) (Female) (Male) (Male) (Male) (Male) (Male) (Male) (Male) (),Group
() (Male) (Male) (Male) (Male) (Male) (Male) (Male) (Female) (Male) (Male),Group
(Male) (Male) (Male) (Male) (Male) (Male) (Female) (Male) (Male) (Male) (),Group
(Female) (Male) (Male) (Male) (Male) (Male) (Male) (Male) (Male) (Male) (Male) (Male) (Male) (Male) (Male) (Male) (Female) (Male) (Male) (Male) (Male) (Male) (Male) (Male) (Male) (Male) (Male) (Male) (Male) (),Group
() (Male) (Male) (Male) (Male) (Male) (Male) (Male) (Male),Group
() (Female) (Female) (Male) (Male) (Male) (Male),Group
() (Male) (Male) (Male) (Male) (Male) (Female) (Male) (Male) (Male) (Male),Group
(Male) (Male) (Male) (Male) (Male) (Male) (Male) (Male) (Male) (Male) (Male) (Male) (),Group
() (Male) (Female) (Male) (Male) (Male),Group
(Male) (Female) (Male) (Male) (Male) (Male) (Male) (Female) (Female) (Female) (Male) (),Group
() (Male) (Male) (Male) (Male) (Male) (Male) (Male) (Male) (Female),Group
() (Female) (Male) (Male) (Male) (Male) (Male) (Male) (Male) (Male) (Male),Group
(Male) () (Male) (Male) (Male) (Male) (Male) (Male) (Male) (Male) (Female) (),Group
() () () () () () () (Male) (Male) (Male) (Male) (Male) (Male) (Female) (Female) (Male),Group
(Male) (Male) (Male) (Male) (Male) (Male) (Male),Group
(Female) (Male) (Male) (),Group
(Male) () (Male) (Male) (Female) (Male) (Male) () (Male) (Male) () (),Group
(Male) (Male) (Female) (Male) (Male) (),Group
(Male) (Male) (Male) () (Female) (),Group
(Male) () (Female) (Male) () (),Group
() (Male) (Male) () (Female) (Male),Group
(Male) () (Male) (Male) (Female) (),Group
() (Male) (Male) (Female) (Male) (Male) (Male) (Male) (Male) (Male) (Male) (Male),Group
() (Male) () (Male) (Male) (Male) (Female),Group
() (Male) (Female) (Male) (Male) (Male) (Male) (Female) (Male) (Male) (Female),Group
(Male) () () (),Group
() (Male) (Female) (),Group
(Male) () () () () () (Male) () () (),Group
(Female) (Female) (Female) (),Group
(Male) (Male) (Female) (Male) (Male) (Male) (Male) (Female) (Male) (Male) () (Male) (Male) (Male) (),Group
(Male) (Female) () (),Group
() () () () () (),Unknown
(Female) (Male) () (Male) (),Group
(Male) (Male) (Female) (Male),Group
() () (Female) (Male) (Male) (),Group
() () () () (),Unknown
() () (Male) (Male),Group
(Male) (Female) (Male) (Male) (Male) (),Group
(Male) (Male) (Male) (Female) (Male) (),Group
(Male) (Female) (Male) (Female) (Male) (),Group
(Female) (Female) (Male) (Female) (),Group
() (Male) (Male) (Male) () (Female) () () (),Group
(Female) () (Male) (Male) (Male) (Male) (Male) () (Male) (Male) (Male) (Female),Group
() (Male) (Female) (Male) (Female) (Male),Group
(Female) (Male) (Female) (Male) (),Group
() (Male) (Female) (Male) (Male) (Male) (Female) (Female) (Female) (Male),Group
() (Male) (Male) (Male) (Male) (Male) (Male) (Male) (Male) (Male) (Male) (Male) (Male) (Male) (Male) (Male) (Male) (Male) (Male) (Male),Group
(Female) () (Female) (Male),Group
(Male) (Female) () (Male),Group
(Female) () (),Group
() (Female) (Male) (Male) (Male) (Male) () (Male) () (),Group
() (Male) (Female) (Female) () (Male) (Male) (Male) () () () () () () () () (),Group
(Female) (Male) (Male) (Female) () (),Group
() () () () (Male) () (),Group
(Female) () (Male),Group
(Male) (Male) (Female) (Male) () (),Group
() (Male) (Male) (Male) (Male) (Male) (Male) (Male) (Male) (Male) (Female),Group
(Male) () (Male),Group
(Female) (Male) (Female) (Male) (Male) () (),Group
() (Female) (Female) (Male),Group
() (Male) (Female) (Female) (Male),Group
(Male) (Female) (Male) (Male),Group
() (Male) (Female) () (Male) (Male),Group
() (Male) (Non-Binary) (Female) (Female) (Female),Group
(Male) (Male) (Male) (Female) (Male) (Male) (Male) (Female) (Male) (Female) (Male) (Male) (Male) (Male) (),Group
() (Male) (Male) (Male) (Male) (Male) (Female) (Male) (Male) (Male) (Male) (Female) (Male) (Male),Group
(Male) (Male) (Male) (Male) (Male) () () (Male) (Male) (Female) (Male) (Male) (Male) () () (Male) (Male) (Male) (Male) (Female),Group
(Male) (Male) (Male) (Male) (Male) () () (Male) (Male) (Female) (Male) (Male) (Male) () () (Male) (Male) (Male) (Male) (Female) (Male) (Male) (Male) (Male) (Male) () (Male),Group
(Male) (Male) (Male) (Female) (Male) (Male) (Male),Group
(Male) (Male) (Female) (Male) (Male) (Male),Group
(Male) (Male) (Male) (Male) (Male) (Female),Group
() (Male) (Male) () (Male) (Female) () (Male) (Male) (Male) (Female) (Female) (Male) (Male) (Male) (Female) (Male) (Male) (Female) (Male) (Male) (Male) (Male),Group
(Male) (Male) (Male) (Male) (Male) (Male) (Male) (Male) (Male) (Female) (Male),Group
(Male) () (Male) (Male) (Male) (Male),Group
() (Female) (Female) (Female) (Female) (Male),Group
() (Male) (Male) () (Male) (Male) (Female) (Male) (Female) (Male) (Male) (Male) (Female) (Male) (Male) (Male) (Male),Group
() (Male) (Male) (Male) (Male) (Female) (Male) (Male) (Male) (Male) (Male) (Male) () (Male) (Male),Group
() (Male) (Male) (Male) (Male) (Female) (Male) (Male) (Female) (Male) (Male) (Male),Group
(Male) (Male) (Female) (Male) (Male) (Female) () (Male) () (Male) (Male) (Male) (Male) (),Group
() (Male) (Male) () (Male) (Male) (Male) (Male) (Female) (Female) (Male) (Male) (Male) (Male),Group
() (Male) (Male) (Male) (Male) (Male) (Male) (Male) () () (Male) (Female) (Male) (Female) (Male) (Male) (Male) (Male) (Male) (Female) (Male) (Male),Group
() (Male) (Male) (Male) (Male) (Female) (Male) (Male) (Male) (Male) (Male) (Male) () (Male) (Male) (Male) (Male),Group
(Male) () (Male) (Male) (Male) (Male) (Male),Group
() (Male) (Male) (Male) (Female) (Male) (Male) (Male) (Male) () (Male) (Male),Group
() (Female) (Female) (Male) (Male),Group
(Male) () () (Male) (),Group
() (Female) (Female) (Female) (Female) (Female) (Female) (Female) (Female) (Female) (Female) (Female) (Female) (Female) (Female) (Female) (Female) (Female) (Female) (Female) (Female),Group
(Male) (Male) (Female) (Male) (Male) (Male) (Male),Group
() (Male) () (Male) () (Male) (Male),Group
() (Female) (Female) (Male) (Male) (Male),Group
() (Male) (Male) (Male) (Male) () (Male) (Male) () (Male) () (Male) () (Male) () (Male) (Male) (),Group
() (Male) (Male) () (Male) (Male) (Male) () (Male) () () (Male) (Male) (),Group
() () (Female) () (Male) (Male) () (Male) (Male) (Female) (Male) (Male) () () () (Male) (Male) () (Male) (Male) (Male) (Male) (Male) (Male) (),Group
() (Male) (Male) () (Male) (Male) (Male),Group
(Female) (Female) (Male) (Female) (Male),Group
(Male) (Female) () (Male) (),Group
(Male) (Male) () (Female),Group
(Male) (Male) (Female) (Male) (Male),Group
(Male) (Male) (Male) (Male) (Female) (Male) (Female),Group
(Male) () (Male) (Male) (Female) (Male),Group
(Male) () () (Male) (Male) (Male) (),Group
(Male) (Male) (Female) () (Male) (),Group
(Female) () (Male) (Female) (Male) (Female) (Male),Group
(Male) () (Male) (Female),Group
(Male) () (Male) () (Female),Group
(Male) () (Male) (Male) (Male),Group
(Male) (Male) (Male) () (Male) (Male),Group
(Male) () (Male) (Male) () (),Group
() () (Male) (Male) (Male),Group
(Male) () (Female) (Male) (Male) (Male) () (Male) (Male) () (),Group
() (Male) () () (Male),Group
(Male) () () (Male),Group
(Male) (Male) (Male) (Female) () (Male),Group
(Male) () (Female),Group
(Male) (Female) (Female) (Female),Group
() (Male) (Male) (Male) (Male) () (Male) (Female) (Male) (Male) (Female) (Male) (Male) (Male) (Male) (Male) (Male) (Male) (Female) (Male) (Male) (Male) (Male),Group
(Male) () (Female) (Male),Group
() () (Female) (Female) (Female) (Female),Group
(Male) (Male) (Male) (Male) (Male) (Male) (Male) (Male) (Male) (Male) (Male) (Male) (Male) (Male) (Male) (Female) (Male),Group
(Male) () (Male) () (Male),Group
() (Female) (Female) () (Male),Group
(Female) (Female) (Female),Group
() (Female) (Male) (Male) (Female) (Female) (Male),Group
() (Male) (Male) () (Male) (Female) (Female),Group
() (Male) (Male) (Female) (Male) (Male) (Female),Group
() (Female) (Male) (Female) (Male) (Female) (Male),Group
() (Male) (Male) (Male) (Male) () (Male),Group
() (Male) (Male) (Male) (Male) (Male) () () (Male) () (Male) (Female) (Male) (Male) (Male) (Male) (Male) (Male) (Male) (Female) (Male) (Male) (Male) (Male) (Male) () (Male),Group
() (Male) () (Male) () (Male) () (),Group
() (Male) (Female) (Male) (Male) (Male) (Male) (Male),Group
() (Male) (Male) (Male) () () () () (),Group
() () (Male) (Female) (Female) (Male) (Female),Group
(Female) (Male) (Male) () (Male) (Male) (Male) () (Female) (Male) () () (Female) (Male) (Male),Group
() (Male) () () (Female) (Male),Group
(Female) (Male) (Female) (Male) (Male) (Male) (Male),Group
(Female) (Male) (Female) (Male) (Male) (Male),Group
(Female) (Male) (Male) (Female) (Male) (Male),Group
() (Female) (Male) (Male) (Male) (Male) (),Group
(Female) (Male) (Female) (Male) (Male),Group
(Male) () () () (Male),Group
() () (Female) () () (Male) (Female) () (Male) () (Male) (),Group
() () (Male) (Male) (Male) (Male),Group
() () (Male) (),Group
() () (Male) (Male) (Male) (Male) () () () () () (),Group
(Male) (Male) (Male) (Male) (Male) (Male) (Male) (Male) (Male) (Female) () (Female) (Male) (Male) (Male) (Male) (Male) (Male) (),Group
(Female) (Male) () (),Group
(Female) (Male) (Male) (Male),Group
(Male) () (Male) (),Group
(Male) (Male) (Male) (Male) (Male) () (Male) (Male) (Male) (Male) (Male) (Male) (Male) (Male) (Male) (Male) (Male) (Male) (Male) (Male),Group
(Male) (Male) (Male) (Female) (),Group
(Female) () (Male) (Male) (Male) (Male),Group
(Female) () (Male) (),Group
() () () () () () () () () () () () () () () (Male),Group
() () () () () () () (Male),Group
() () () () () () () () () () () () () (Male),Group
() () () () () () () () () (Male),Group
() () () () () () () () () () () () () () () () () () () () () (Male),Group
(Male) () (Male) () (Male) () () (),Group
() () () () () () (Male),Group
() (Male) () () (Male) () (Male) () (Male) (Female) () (Male) () (Female) () () (Female) (Male),Group
() (Female) (Female) (Male) (Male) (Male) (Male) (Male) (Male) (Female) (Male) (Male) (Male) () (Male) (Male) (Male) (Female) (Male) (Male) (Male) (Female),Group
() (Male) (Male) (Female) (Female),Group
(Male) (Male) () () (Male) () () (),Group
() (Female) (Male) (Male) (Male) (Male) (Male) (Female) (Female) (Male) (Male) (Female) (Male) (Male) (Male) (Male) (Female) (Male) (Female) (Male) (Male) (Female) (Female) (Male) (Male) (Male) (Male) (Male) (Male) (Female) (Female),Group
(Male) () (Male) (Male) (Male) (Male) (),
(Male) (Male) (Male) (Male) () () (),Group
() (Male) (Male) (Male) (Male) (Female) (Male) (Female) (Male),Group
(Female) (Male) (Male) (Male) (Male) (Female) () (Male),Group
() (Male) () (Male) () (Male) (Female) (Male) (Male) (Male),Group
(Male) (male),Group
() (Male) (Female) (Female) (Female) (Male) (Female) () (Male) (Male) (Female),Group
(Female) (Female) (),Group
() (Female) (Male) (Female),Group
() (Female) () (),Group
(Female) () () (),Group
(Male) (Male) (Male) (Male) (Male) (Female) (Female) (Male) (Male) (Male) (Male),Group
(Male) (Female) (Male) (Male) (Male) (Female) (Male),Group
() (Male) (Male) () (Male) (Male) (Male) (Female),Group
() (Male) (Male) (Male) (Male) (Male) (Male) (Male) (Male) (Male) (Male) (Male) (Female) (Male),Group
() (Male) (Male) (Male) (Male) (Female) (Male) (Male) (Male) (Male) (Male) (Male) (Male) (Male) (Male) (Male) (Female),Group
() (Female) (Male) (Male) (Female) (Male) (Male) (Female) (Male) (Male) (Male),Group
() (Male) (Male) (Male) () (Male) (Male) (Male) (Male),Group
() (Female) (Male) (Female) (Female) (Female) (Male) (Male) (Male) (Female),Group
() (Female) (Male) (Female) (Male) (Male) (Female) (Male),Group
(Male) () () () (),Group
() (Male) (Female) (Male) (Male) (Male) (Male) (Male) (Male),Group
(Male) (Male) () (Male) (Male) (Male),Group
() (Female) (Female) (Male) (Female) (Female) (Female) (Female) (Male) (Male) (Female) (Male),Group
() (Male) (Male) (Female) (Female) (Female) (Female),Group
(female),Female
(Male),Male
(Non-Binary),Non-Binary
(Female),Female
(male),Male